[
    { "name": "Shanghai", "country": "China" },
    { "name": "Buenos Aires", "country": "Argentina" },
    { "name": "Mumbai", "country": "India" },
    { "name": "Mexico City", "country": "Mexico" },
    { "name": "Beijing", "country": "China" },
    { "name": "Karachi", "country": "Pakistan" },
    { "name": "Istanbul", "country": "Turkey" },
    { "name": "Tianjin", "country": "China" },
    { "name": "Guangzhou", "country": "China" },
    { "name": "Delhi", "country": "India" },
    { "name": "Manila", "country": "Philippines" },
    { "name": "Moscow", "country": "Russia" },
    { "name": "Shenzhen", "country": "China" },
    { "name": "Dhaka", "country": "Bangladesh" },
    { "name": "Seoul", "country": "South Korea" },
    { "name": "Sao Paulo", "country": "Brazil" },
    { "name": "Wuhan", "country": "China" },
    { "name": "Lagos", "country": "Nigeria" },
    { "name": "Jakarta", "country": "Indonesia" },
    { "name": "Tokyo", "country": "Japan" },
    { "name": "New York City", "country": "United States" },
    { "name": "Dongguan", "country": "China" },
    { "name": "Taipei", "country": "Taiwan" },
    { "name": "Kinshasa", "country": "Democratic Republic of the Congo" },
    { "name": "Lima", "country": "Peru" },
    { "name": "Cairo", "country": "Egypt" },
    { "name": "Bogota", "country": "Colombia" },
    { "name": "City of London", "country": "United Kingdom" },
    { "name": "London", "country": "United Kingdom" },
    { "name": "Chongqing", "country": "China" },
    { "name": "Chengdu", "country": "China" },
    { "name": "Nanjing", "country": "China" },
    { "name": "Tehran", "country": "Iran" },
    { "name": "Nanchong", "country": "China" },
    { "name": "Hong Kong", "country": "Hong Kong" },
    { "name": "Xi'an", "country": "China" },
    { "name": "Lahore", "country": "Pakistan" },
    { "name": "Shenyang", "country": "China" },
    { "name": "Hangzhou", "country": "China" },
    { "name": "Rio de Janeiro", "country": "Brazil" },
    { "name": "Harbin", "country": "China" },
    { "name": "Baghdad", "country": "Iraq" },
    { "name": "Tai'an", "country": "China" },
    { "name": "Suzhou", "country": "China" },
    { "name": "Shantou", "country": "China" },
    { "name": "Bangkok", "country": "Thailand" },
    { "name": "Bangalore", "country": "India" },
    { "name": "Saint Petersburg", "country": "Russia" },
    { "name": "Santiago", "country": "Chile" },
    { "name": "Kolkata", "country": "India" },
    { "name": "Sydney", "country": "Australia" },
    { "name": "Yangon", "country": "Myanmar" },
    { "name": "Jinan", "country": "China" },
    { "name": "Chennai", "country": "India" },
    { "name": "Zhengzhou", "country": "China" },
    { "name": "Melbourne", "country": "Australia" },
    { "name": "Riyadh", "country": "Saudi Arabia" },
    { "name": "Changchun", "country": "China" },
    { "name": "Dalian", "country": "China" },
    { "name": "Chittagong", "country": "Bangladesh" },
    { "name": "Kunming", "country": "China" },
    { "name": "Alexandria", "country": "Egypt" },
    { "name": "Los Angeles", "country": "United States" },
    { "name": "Ahmedabad", "country": "India" },
    { "name": "Qingdao", "country": "China" },
    { "name": "Busan", "country": "South Korea" },
    { "name": "Abidjan", "country": "Ivory Coast" },
    { "name": "Kano", "country": "Nigeria" },
    { "name": "Foshan", "country": "China" },
    { "name": "Hyderabad", "country": "India" },
    { "name": "Puyang", "country": "China" },
    { "name": "Yokohama", "country": "Japan" },
    { "name": "Ibadan", "country": "Nigeria" },
    { "name": "Singapore", "country": "Singapore" },
    { "name": "Wuxi", "country": "China" },
    { "name": "Xiamen", "country": "China" },
    { "name": "Ankara", "country": "Turkey" },
    { "name": "Tianshui", "country": "China" },
    { "name": "Ningbo", "country": "China" },
    { "name": "Ho Chi Minh City", "country": "Vietnam" },
    { "name": "Shiyan", "country": "China" },
    { "name": "Cape Town", "country": "South Africa" },
    { "name": "Taiyuan", "country": "China" },
    { "name": "Berlin", "country": "Germany" },
    { "name": "Tangshan", "country": "China" },
    { "name": "Hefei", "country": "China" },
    { "name": "Montreal", "country": "Canada" },
    { "name": "Madrid", "country": "Spain" },
    { "name": "Pyongyang", "country": "North Korea" },
    { "name": "Casablanca", "country": "Morocco" },
    { "name": "Zibo", "country": "China" },
    { "name": "Zhongshan", "country": "China" },
    { "name": "Durban", "country": "South Africa" },
    { "name": "Changsha", "country": "China" },
    { "name": "Kabul", "country": "Afghanistan" },
    { "name": "UEruemqi", "country": "China" },
    { "name": "Caracas", "country": "Venezuela" },
    { "name": "Pune", "country": "India" },
    { "name": "Surat", "country": "India" },
    { "name": "Jeddah", "country": "Saudi Arabia" },
    { "name": "Shijiazhuang", "country": "China" },
    { "name": "Kanpur", "country": "India" },
    { "name": "Kiev", "country": "Ukraine" },
    { "name": "Luanda", "country": "Angola" },
    { "name": "Quezon City", "country": "Philippines" },
    { "name": "Addis Ababa", "country": "Ethiopia" },
    { "name": "Nairobi", "country": "Kenya" },
    { "name": "Salvador", "country": "Brazil" },
    { "name": "Jaipur", "country": "India" },
    { "name": "Dar es Salaam", "country": "Tanzania" },
    { "name": "Chicago", "country": "United States" },
    { "name": "Lanzhou", "country": "China" },
    { "name": "Incheon", "country": "South Korea" },
    { "name": "Yunfu", "country": "China" },
    { "name": "Toronto", "country": "Canada" },
    { "name": "Navi Mumbai", "country": "India" },
    { "name": "Al Basrah", "country": "Iraq" },
    { "name": "Osaka-shi", "country": "Japan" },
    { "name": "Mogadishu", "country": "Somalia" },
    { "name": "Daegu", "country": "South Korea" },
    { "name": "Faisalabad", "country": "Pakistan" },
    { "name": "Izmir", "country": "Turkey" },
    { "name": "Dakar", "country": "Senegal" },
    { "name": "Lucknow", "country": "India" },
    { "name": "Al Jizah", "country": "Egypt" },
    { "name": "Fortaleza", "country": "Brazil" },
    { "name": "Cali", "country": "Colombia" },
    { "name": "Surabaya", "country": "Indonesia" },
    { "name": "Belo Horizonte", "country": "Brazil" },
    { "name": "Nanchang", "country": "China" },
    { "name": "Grand Dakar", "country": "Senegal" },
    { "name": "Rome", "country": "Italy" },
    { "name": "Mashhad", "country": "Iran" },
    { "name": "Brooklyn", "country": "United States" },
    { "name": "Borough of Queens", "country": "United States" },
    { "name": "Nagpur", "country": "India" },
    { "name": "Maracaibo", "country": "Venezuela" },
    { "name": "Brasilia", "country": "Brazil" },
    { "name": "Santo Domingo", "country": "Dominican Republic" },
    { "name": "Nagoya-shi", "country": "Japan" },
    { "name": "Brisbane", "country": "Australia" },
    { "name": "Havana", "country": "Cuba" },
    { "name": "Paris", "country": "France" },
    { "name": "Houston", "country": "United States" },
    { "name": "Al Mawsil al Jadidah", "country": "Iraq" },
    { "name": "Johannesburg", "country": "South Africa" },
    { "name": "Kowloon", "country": "Hong Kong" },
    { "name": "Al Basrah al Qadimah", "country": "Iraq" },
    { "name": "Almaty", "country": "Kazakhstan" },
    { "name": "Medellin", "country": "Colombia" },
    { "name": "Tashkent", "country": "Uzbekistan" },
    { "name": "Algiers", "country": "Algeria" },
    { "name": "Khartoum", "country": "Sudan" },
    { "name": "Accra", "country": "Ghana" },
    { "name": "Guayaquil", "country": "Ecuador" },
    { "name": "Ordos", "country": "China" },
    { "name": "Sanaa", "country": "Yemen" },
    { "name": "Beirut", "country": "Lebanon" },
    { "name": "Perth", "country": "Australia" },
    { "name": "Sapporo", "country": "Japan" },
    { "name": "Jilin", "country": "China" },
    { "name": "Bucharest", "country": "Romania" },
    { "name": "Camayenne", "country": "Guinea" },
    { "name": "Vancouver", "country": "Canada" },
    { "name": "Indore", "country": "India" },
    { "name": "Iztapalapa", "country": "Mexico" },
    { "name": "Ecatepec", "country": "Mexico" },
    { "name": "Conakry", "country": "Guinea" },
    { "name": "Maracay", "country": "Venezuela" },
    { "name": "Medan", "country": "Indonesia" },
    { "name": "Rawalpindi", "country": "Pakistan" },
    { "name": "Minsk", "country": "Belarus" },
    { "name": "Budapest", "country": "Hungary" },
    { "name": "Mosul", "country": "Iraq" },
    { "name": "Hamburg", "country": "Germany" },
    { "name": "Curitiba", "country": "Brazil" },
    { "name": "Warsaw", "country": "Poland" },
    { "name": "Bandung", "country": "Indonesia" },
    { "name": "Soweto", "country": "South Africa" },
    { "name": "Vienna", "country": "Austria" },
    { "name": "Rabat", "country": "Morocco" },
    { "name": "Guadalajara", "country": "Mexico" },
    { "name": "Barcelona", "country": "Spain" },
    { "name": "Pretoria", "country": "South Africa" },
    { "name": "Aleppo", "country": "Syria" },
    { "name": "Patna", "country": "India" },
    { "name": "Bhopal", "country": "India" },
    { "name": "Manaus", "country": "Brazil" },
    { "name": "Xinyang", "country": "China" },
    { "name": "Puebla", "country": "Mexico" },
    { "name": "Kaduna", "country": "Nigeria" },
    { "name": "Phnom Penh", "country": "Cambodia" },
    { "name": "Damascus", "country": "Syria" },
    { "name": "Isfahan", "country": "Iran" },
    { "name": "Ludhiana", "country": "India" },
    { "name": "Harare", "country": "Zimbabwe" },
    { "name": "Kobe", "country": "Japan" },
    { "name": "Philadelphia", "country": "United States" },
    { "name": "Bekasi", "country": "Indonesia" },
    { "name": "Kaohsiung", "country": "Taiwan" },
    { "name": "Ciudad Juarez", "country": "Mexico" },
    { "name": "Manhattan", "country": "United States" },
    { "name": "Asuncion", "country": "Paraguay" },
    { "name": "Recife", "country": "Brazil" },
    { "name": "Daejeon", "country": "South Korea" },
    { "name": "Kumasi", "country": "Ghana" },
    { "name": "Kota Bharu", "country": "Malaysia" },
    { "name": "Kyoto", "country": "Japan" },
    { "name": "Kuala Lumpur", "country": "Malaysia" },
    { "name": "Karaj", "country": "Iran" },
    { "name": "Phoenix", "country": "United States" },
    { "name": "Kathmandu", "country": "Nepal" },
    { "name": "Palembang", "country": "Indonesia" },
    { "name": "Multan", "country": "Pakistan" },
    { "name": "Hanoi", "country": "Vietnam" },
    { "name": "Kharkiv", "country": "Ukraine" },
    { "name": "Agra", "country": "India" },
    { "name": "Cordoba", "country": "Argentina" },
    { "name": "Tabriz", "country": "Iran" },
    { "name": "Novosibirsk", "country": "Russia" },
    { "name": "Gwangju", "country": "South Korea" },
    { "name": "Bursa", "country": "Turkey" },
    { "name": "Vadodara", "country": "India" },
    { "name": "Belem", "country": "Brazil" },
    { "name": "Fushun", "country": "China" },
    { "name": "Quito", "country": "Ecuador" },
    { "name": "Fukuoka-shi", "country": "Japan" },
    { "name": "Antananarivo", "country": "Madagascar" },
    { "name": "Luoyang", "country": "China" },
    { "name": "Hyderabad", "country": "Pakistan" },
    { "name": "The Bronx", "country": "United States" },
    { "name": "Valencia", "country": "Venezuela" },
    { "name": "Gujranwala", "country": "Pakistan" },
    { "name": "Barranquilla", "country": "Colombia" },
    { "name": "Guankou", "country": "China" },
    { "name": "Tijuana", "country": "Mexico" },
    { "name": "Lubumbashi", "country": "Democratic Republic of the Congo" },
    { "name": "Porto Alegre", "country": "Brazil" },
    { "name": "Tangerang", "country": "Indonesia" },
    { "name": "Santa Cruz de la Sierra", "country": "Bolivia" },
    { "name": "Handan", "country": "China" },
    { "name": "Kampala", "country": "Uganda" },
    { "name": "Yekaterinburg", "country": "Russia" },
    { "name": "Khulna", "country": "Bangladesh" },
    { "name": "Douala", "country": "Cameroon" },
    { "name": "Gorakhpur", "country": "India" },
    { "name": "Mecca", "country": "Saudi Arabia" },
    { "name": "Makassar", "country": "Indonesia" },
    { "name": "San Diego", "country": "United States" },
    { "name": "Kawasaki", "country": "Japan" },
    { "name": "South Tangerang", "country": "Indonesia" },
    { "name": "Baotou", "country": "China" },
    { "name": "Medina", "country": "Saudi Arabia" },
    { "name": "Yaounde", "country": "Cameroon" },
    { "name": "Bamako", "country": "Mali" },
    { "name": "Nashik", "country": "India" },
    { "name": "Semarang", "country": "Indonesia" },
    { "name": "Brazzaville", "country": "Congo" },
    { "name": "Pimpri", "country": "India" },
    { "name": "Nizhniy Novgorod", "country": "Russia" },
    { "name": "Amman", "country": "Jordan" },
    { "name": "Budta", "country": "Philippines" },
    { "name": "Belgrade", "country": "Serbia" },
    { "name": "Montevideo", "country": "Uruguay" },
    { "name": "Lusaka", "country": "Zambia" },
    { "name": "Kalyan", "country": "India" },
    { "name": "Thane", "country": "India" },
    { "name": "Munich", "country": "Germany" },
    { "name": "Stockholm", "country": "Sweden" },
    { "name": "Ra's Bayrut", "country": "Lebanon" },
    { "name": "Shiraz", "country": "Iran" },
    { "name": "Adana", "country": "Turkey" },
    { "name": "Suwon-si", "country": "South Korea" },
    { "name": "Milano", "country": "Italy" },
    { "name": "Port-au-Prince", "country": "Haiti" },
    { "name": "Ciudad Nezahualcoyotl", "country": "Mexico" },
    { "name": "Adelaide", "country": "Australia" },
    { "name": "Meerut", "country": "India" },
    { "name": "Nowrangapur", "country": "India" },
    { "name": "Faridabad", "country": "India" },
    { "name": "Peshawar", "country": "Pakistan" },
    { "name": "Davao", "country": "Philippines" },
    { "name": "Mandalay", "country": "Myanmar" },
    { "name": "Yueyang", "country": "China" },
    { "name": "Santiago de los Caballeros", "country": "Dominican Republic" },
    { "name": "Omdurman", "country": "Sudan" },
    { "name": "Anshan", "country": "China" },
    { "name": "Tongshan", "country": "China" },
    { "name": "Ghaziabad", "country": "India" },
    { "name": "Depok", "country": "Indonesia" },
    { "name": "Dallas", "country": "United States" },
    { "name": "Saitama", "country": "Japan" },
    { "name": "Gustavo A. Madero", "country": "Mexico" },
    { "name": "Dombivli", "country": "India" },
    { "name": "Maputo", "country": "Mozambique" },
    { "name": "Gustavo A. Madero", "country": "Mexico" },
    { "name": "Fuzhou", "country": "China" },
    { "name": "Rajkot", "country": "India" },
    { "name": "Rosario", "country": "Argentina" },
    { "name": "Guiyang", "country": "China" },
    { "name": "Goiania", "country": "Brazil" },
    { "name": "Guarulhos", "country": "Brazil" },
    { "name": "Prague", "country": "Czech Republic" },
    { "name": "Varanasi", "country": "India" },
    { "name": "Copenhagen", "country": "Denmark" },
    { "name": "Sofia", "country": "Bulgaria" },
    { "name": "Tripoli", "country": "Libya" },
    { "name": "Port Harcourt", "country": "Nigeria" },
    { "name": "Hiroshima-shi", "country": "Japan" },
    { "name": "Lijiang", "country": "China" },
    { "name": "Dubai", "country": "United Arab Emirates" },
    { "name": "Samara", "country": "Russia" },
    { "name": "Omsk", "country": "Russia" },
    { "name": "Benin City", "country": "Nigeria" },
    { "name": "Monterrey", "country": "Mexico" },
    { "name": "Malingao", "country": "Philippines" },
    { "name": "Baku", "country": "Azerbaijan" },
    { "name": "Leon", "country": "Mexico" },
    { "name": "Maiduguri", "country": "Nigeria" },
    { "name": "Kazan", "country": "Russia" },
    { "name": "Yerevan", "country": "Armenia" },
    { "name": "Amritsar", "country": "India" },
    { "name": "Ouagadougou", "country": "Burkina Faso" },
    { "name": "Yono", "country": "Japan" },
    { "name": "Rostov-na-Donu", "country": "Russia" },
    { "name": "Allahabad", "country": "India" },
    { "name": "Goyang-si", "country": "South Korea" },
    { "name": "Gaziantep", "country": "Turkey" },
    { "name": "Visakhapatnam", "country": "India" },
    { "name": "Sendai-shi", "country": "Japan" },
    { "name": "Sendai", "country": "Japan" },
    { "name": "Chelyabinsk", "country": "Russia" },
    { "name": "Datong", "country": "China" },
    { "name": "Tbilisi", "country": "Georgia" },
    { "name": "Changshu City", "country": "China" },
    { "name": "Taichung", "country": "Taiwan" },
    { "name": "Teni", "country": "India" },
    { "name": "Xianyang", "country": "China" },
    { "name": "Ufa", "country": "Russia" },
    { "name": "Dnipropetrovsk", "country": "Ukraine" },
    { "name": "Seongnam-si", "country": "South Korea" },
    { "name": "Campinas", "country": "Brazil" },
    { "name": "Jabalpur", "country": "India" },
    { "name": "Haora", "country": "India" },
    { "name": "Huainan", "country": "China" },
    { "name": "Donetsk", "country": "Ukraine" },
    { "name": "Dublin", "country": "Ireland" },
    { "name": "Calgary", "country": "Canada" },
    { "name": "Brussels", "country": "Belgium" },
    { "name": "Aurangabad", "country": "India" },
    { "name": "Volgograd", "country": "Russia" },
    { "name": "Nova Iguacu", "country": "Brazil" },
    { "name": "Jieyang", "country": "China" },
    { "name": "Odessa", "country": "Ukraine" },
    { "name": "Zhu Cheng City", "country": "China" },
    { "name": "Shivaji Nagar", "country": "India" },
    { "name": "Kitakyushu", "country": "Japan" },
    { "name": "Solapur", "country": "India" },
    { "name": "Baoding", "country": "China" },
    { "name": "Guatemala City", "country": "Guatemala" },
    { "name": "Benxi", "country": "China" },
    { "name": "Zapopan", "country": "Mexico" },
    { "name": "Birmingham", "country": "United Kingdom" },
    { "name": "Perm", "country": "Russia" },
    { "name": "Srinagar", "country": "India" },
    { "name": "Zaria", "country": "Nigeria" },
    { "name": "Managua", "country": "Nicaragua" },
    { "name": "Port Elizabeth", "country": "South Africa" },
    { "name": "Fes", "country": "Morocco" },
    { "name": "Koeln", "country": "Germany" },
    { "name": "Ulsan", "country": "South Korea" },
    { "name": "Chandigarh", "country": "India" },
    { "name": "Coimbatore", "country": "India" },
    { "name": "Napoli", "country": "Italy" },
    { "name": "Maceio", "country": "Brazil" },
    { "name": "Cartagena", "country": "Colombia" },
    { "name": "Changzhou", "country": "China" },
    { "name": "Sultanah", "country": "Saudi Arabia" },
    { "name": "San Jose", "country": "United States" },
    { "name": "Monrovia", "country": "Liberia" },
    { "name": "Kingston", "country": "Jamaica" },
    { "name": "Erbil", "country": "Iraq" },
    { "name": "Krasnoyarsk", "country": "Russia" },
    { "name": "Nay Pyi Taw", "country": "Myanmar" },
    { "name": "Jodhpur", "country": "India" },
    { "name": "Chiba", "country": "Japan" },
    { "name": "Sao Luis", "country": "Brazil" },
    { "name": "Madurai", "country": "India" },
    { "name": "Sale", "country": "Morocco" },
    { "name": "Huaibei", "country": "China" },
    { "name": "Cochabamba", "country": "Bolivia" },
    { "name": "Abobo", "country": "Ivory Coast" },
    { "name": "Kaifeng", "country": "China" },
    { "name": "Abu Ghurayb", "country": "Iraq" },
    { "name": "Qom", "country": "Iran" },
    { "name": "Bishkek", "country": "Kyrgyzstan" },
    { "name": "Guwahati", "country": "India" },
    { "name": "Aba", "country": "Nigeria" },
    { "name": "Pingdingshan", "country": "China" },
    { "name": "Gwalior", "country": "India" },
    { "name": "Qiqihar", "country": "China" },
    { "name": "Klang", "country": "Malaysia" },
    { "name": "Mendoza", "country": "Argentina" },
    { "name": "Konya", "country": "Turkey" },
    { "name": "Mbuji-Mayi", "country": "Democratic Republic of the Congo" },
    { "name": "Vijayawada", "country": "India" },
    { "name": "Pikine", "country": "Senegal" },
    { "name": "Turin", "country": "Italy" },
    { "name": "Mysore", "country": "India" },
    { "name": "Wenzhou", "country": "China" },
    { "name": "Saratov", "country": "Russia" },
    { "name": "Tegucigalpa", "country": "Honduras" },
    { "name": "Bucheon-si", "country": "South Korea" },
    { "name": "Voronezh", "country": "Russia" },
    { "name": "Ranchi", "country": "India" },
    { "name": "Naucalpan de Juarez", "country": "Mexico" },
    { "name": "Ulaanbaatar", "country": "Mongolia" },
    { "name": "Takeo", "country": "Cambodia" },
    { "name": "Ahvaz", "country": "Iran" },
    { "name": "Arequipa", "country": "Peru" },
    { "name": "Padang", "country": "Indonesia" },
    { "name": "Hubli", "country": "India" },
    { "name": "Marrakesh", "country": "Morocco" },
    { "name": "Kampung Baru Subang", "country": "Malaysia" },
    { "name": "Indianapolis", "country": "United States" },
    { "name": "Jacksonville", "country": "United States" },
    { "name": "Duque de Caxias", "country": "Brazil" },
    { "name": "Jos", "country": "Nigeria" },
    { "name": "Valencia", "country": "Spain" },
    { "name": "Ilorin", "country": "Nigeria" },
    { "name": "Callao", "country": "Peru" },
    { "name": "La Paz", "country": "Bolivia" },
    { "name": "Ottawa", "country": "Canada" },
    { "name": "Barquisimeto", "country": "Venezuela" },
    { "name": "Chihuahua", "country": "Mexico" },
    { "name": "San Francisco", "country": "United States" },
    { "name": "Nanning", "country": "China" },
    { "name": "Freetown", "country": "Sierra Leone" },
    { "name": "Johor Bahru", "country": "Malaysia" },
    { "name": "Jerusalem", "country": "Israel" },
    { "name": "Bandarlampung", "country": "Indonesia" },
    { "name": "Zagreb - Centar", "country": "Croatia" },
    { "name": "Bogor", "country": "Indonesia" },
    { "name": "Mombasa", "country": "Kenya" },
    { "name": "Cebu City", "country": "Philippines" },
    { "name": "Muscat", "country": "Oman" },
    { "name": "Zaporizhzhya", "country": "Ukraine" },
    { "name": "Marseille", "country": "France" },
    { "name": "Zarqa", "country": "Jordan" },
    { "name": "Cankaya", "country": "Turkey" },
    { "name": "Austin", "country": "United States" },
    { "name": "Columbus", "country": "United States" },
    { "name": "Boumerdas", "country": "Algeria" },
    { "name": "Jalandhar", "country": "India" },
    { "name": "Thiruvananthapuram", "country": "India" },
    { "name": "Sakai", "country": "Japan" },
    { "name": "Anyang", "country": "China" },
    { "name": "San Miguel de Tucuman", "country": "Argentina" },
    { "name": "Salem", "country": "India" },
    { "name": "Tiruchirappalli", "country": "India" },
    { "name": "Homs", "country": "Syria" },
    { "name": "Hohhot", "country": "China" },
    { "name": "Niamey", "country": "Niger" },
    { "name": "Tainan", "country": "Taiwan" },
    { "name": "Shangyu", "country": "China" },
    { "name": "Lodz", "country": "Poland" },
    { "name": "Dammam", "country": "Saudi Arabia" },
    { "name": "Xining", "country": "China" },
    { "name": "Kahriz", "country": "Iran" },
    { "name": "Kota", "country": "India" },
    { "name": "Natal", "country": "Brazil" },
    { "name": "Bhubaneshwar", "country": "India" },
    { "name": "Qinhuangdao", "country": "China" },
    { "name": "Hengyang", "country": "China" },
    { "name": "Antalya", "country": "Turkey" },
    { "name": "Krakow", "country": "Poland" },
    { "name": "Aligarh", "country": "India" },
    { "name": "Da Nang", "country": "Vietnam" },
    { "name": "Pietermaritzburg", "country": "South Africa" },
    { "name": "Lome", "country": "Togo" },
    { "name": "Trujillo", "country": "Peru" },
    { "name": "Malang", "country": "Indonesia" },
    { "name": "Ciudad Guayana", "country": "Venezuela" },
    { "name": "Bareilly", "country": "India" },
    { "name": "Kigali", "country": "Rwanda" },
    { "name": "Teresina", "country": "Brazil" },
    { "name": "Xinxiang", "country": "China" },
    { "name": "Sao Bernardo do Campo", "country": "Brazil" },
    { "name": "Hegang", "country": "China" },
    { "name": "Riga", "country": "Latvia" },
    { "name": "Amsterdam", "country": "Netherlands" },
    { "name": "Fort Worth", "country": "United States" },
    { "name": "Oyo", "country": "Nigeria" },
    { "name": "Quetta", "country": "Pakistan" },
    { "name": "Charlotte", "country": "United States" },
    { "name": "Campo Grande", "country": "Brazil" },
    { "name": "Ashgabat", "country": "Turkmenistan" },
    { "name": "Alvaro Obregon", "country": "Mexico" },
    { "name": "Muzaffarabad", "country": "Pakistan" },
    { "name": "Guadalupe", "country": "Mexico" },
    { "name": "Bagcilar", "country": "Turkey" },
    { "name": "As Sulaymaniyah", "country": "Iraq" },
    { "name": "Cucuta", "country": "Colombia" },
    { "name": "Moradabad", "country": "India" },
    { "name": "N'Djamena", "country": "Chad" },
    { "name": "Langfang", "country": "China" },
    { "name": "Zhumadian", "country": "China" },
    { "name": "Yantai", "country": "China" },
    { "name": "L'viv", "country": "Ukraine" },
    { "name": "Merida", "country": "Mexico" },
    { "name": "Tlalnepantla", "country": "Mexico" },
    { "name": "Detroit", "country": "United States" },
    { "name": "Edmonton", "country": "Canada" },
    { "name": "Jeonju", "country": "South Korea" },
    { "name": "Zhuzhou", "country": "China" },
    { "name": "Subang Jaya", "country": "Malaysia" },
    { "name": "Bhiwandi", "country": "India" },
    { "name": "Pekanbaru", "country": "Indonesia" },
    { "name": "Sevilla", "country": "Spain" },
    { "name": "Tol'yatti", "country": "Russia" },
    { "name": "Jaboatao", "country": "Brazil" },
    { "name": "Shizuoka-shi", "country": "Japan" },
    { "name": "Santo Domingo Oeste", "country": "Dominican Republic" },
    { "name": "Rajshahi", "country": "Bangladesh" },
    { "name": "City of Balikpapan", "country": "Indonesia" },
    { "name": "Changzhi", "country": "China" },
    { "name": "Bulawayo", "country": "Zimbabwe" },
    { "name": "Zagreb", "country": "Croatia" },
    { "name": "Agadir", "country": "Morocco" },
    { "name": "Sarajevo", "country": "Bosnia and Herzegovina" },
    { "name": "La Plata", "country": "Argentina" },
    { "name": "Tunis", "country": "Tunisia" },
    { "name": "Zhangjiakou", "country": "China" },
    { "name": "Cotonou", "country": "Benin" },
    { "name": "Zigong", "country": "China" },
    { "name": "Fuxin", "country": "China" },
    { "name": "Enugu", "country": "Nigeria" },
    { "name": "Tangier", "country": "Morocco" },
    { "name": "Huangshi", "country": "China" },
    { "name": "Liaoyang", "country": "China" },
    { "name": "Kumamoto", "country": "Japan" },
    { "name": "Raipur", "country": "India" },
    { "name": "General Santos", "country": "Philippines" },
    { "name": "Dushanbe", "country": "Tajikistan" },
    { "name": "Osasco", "country": "Brazil" },
    { "name": "San Luis Potosi", "country": "Mexico" },
    { "name": "Matola", "country": "Mozambique" },
    { "name": "Culiacan", "country": "Mexico" },
    { "name": "Zaragoza", "country": "Spain" },
    { "name": "Gorakhpur", "country": "India" },
    { "name": "Xiangtan", "country": "China" },
    { "name": "Ipoh", "country": "Malaysia" },
    { "name": "Mississauga", "country": "Canada" },
    { "name": "Puyang Chengguanzhen", "country": "China" },
    { "name": "Nantong", "country": "China" },
    { "name": "Mudanjiang", "country": "China" },
    { "name": "Athens", "country": "Greece" },
    { "name": "Santo Andre", "country": "Brazil" },
    { "name": "Nouakchott", "country": "Mauritania" },
    { "name": "Pointe-Noire", "country": "Republic of the Congo" },
    { "name": "Aguascalientes", "country": "Mexico" },
    { "name": "Kryvyi Rih", "country": "Ukraine" },
    { "name": "Acapulco de Juarez", "country": "Mexico" },
    { "name": "Joao Pessoa", "country": "Brazil" },
    { "name": "Ansan-si", "country": "South Korea" },
    { "name": "Benghazi", "country": "Libya" },
    { "name": "Frankfurt am Main", "country": "Germany" },
    { "name": "Krasnodar", "country": "Russia" },
    { "name": "Guilin", "country": "China" },
    { "name": "El Paso", "country": "United States" },
    { "name": "Palermo", "country": "Italy" },
    { "name": "Colombo", "country": "Sri Lanka" },
    { "name": "Memphis", "country": "United States" },
    { "name": "Lilongwe", "country": "Malawi" },
    { "name": "Oran", "country": "Algeria" },
    { "name": "Diyarbakir", "country": "Turkey" },
    { "name": "Taguig", "country": "Philippines" },
    { "name": "New South Memphis", "country": "United States" },
    { "name": "Ulyanovsk", "country": "Russia" },
    { "name": "Kotli", "country": "Pakistan" },
    { "name": "Okayama-shi", "country": "Japan" },
    { "name": "Zhanjiang", "country": "China" },
    { "name": "Al Ahmadi", "country": "Kuwait" },
    { "name": "Yogyakarta", "country": "Indonesia" },
    { "name": "North York", "country": "Canada" },
    { "name": "Chisinau", "country": "Moldova" },
    { "name": "Wroclaw", "country": "Poland" },
    { "name": "Cheongju-si", "country": "South Korea" },
    { "name": "Anyang-si", "country": "South Korea" },
    { "name": "Tebessa", "country": "Algeria" },
    { "name": "Zhenjiang", "country": "China" },
    { "name": "Winnipeg", "country": "Canada" },
    { "name": "Dandong", "country": "China" },
    { "name": "Izhevsk", "country": "Russia" },
    { "name": "Jaboatao dos Guararapes", "country": "Brazil" },
    { "name": "Shaoguan", "country": "China" },
    { "name": "Yancheng", "country": "China" },
    { "name": "Coyoacan", "country": "Mexico" },
    { "name": "Contagem", "country": "Brazil" },
    { "name": "Santiago de Queretaro", "country": "Mexico" },
    { "name": "Bhilai", "country": "India" },
    { "name": "Panshan", "country": "China" },
    { "name": "Djibouti", "country": "Djibouti" },
    { "name": "Saltillo", "country": "Mexico" },
    { "name": "Kermanshah", "country": "Iran" },
    { "name": "Baltimore", "country": "United States" },
    { "name": "Ribeirao Preto", "country": "Brazil" },
    { "name": "Al Hudaydah", "country": "Yemen" },
    { "name": "Boston", "country": "United States" },
    { "name": "Pasig City", "country": "Philippines" },
    { "name": "Jamshedpur", "country": "India" },
    { "name": "Haikou", "country": "China" },
    { "name": "Ta'izz", "country": "Yemen" },
    { "name": "Sao Jose dos Campos", "country": "Brazil" },
    { "name": "Taizhou", "country": "China" },
    { "name": "Xingtai", "country": "China" },
    { "name": "Borivli", "country": "India" },
    { "name": "Seattle", "country": "United States" },
    { "name": "Tlalpan", "country": "Mexico" },
    { "name": "Yaroslavl", "country": "Russia" },
    { "name": "Benoni", "country": "South Africa" },
    { "name": "Hamamatsu", "country": "Japan" },
    { "name": "Cochin", "country": "India" },
    { "name": "Jinzhou", "country": "China" },
    { "name": "Amravati", "country": "India" },
    { "name": "Abu Dhabi", "country": "United Arab Emirates" },
    { "name": "Haiphong", "country": "Vietnam" },
    { "name": "Washington, D.C.", "country": "United States" },
    { "name": "Islamabad", "country": "Pakistan" },
    { "name": "Kirkuk", "country": "Iraq" },
    { "name": "Sangli", "country": "India" },
    { "name": "Denver", "country": "United States" },
    { "name": "Scarborough", "country": "Canada" },
    { "name": "Shuangyashan", "country": "China" },
    { "name": "Situbondo", "country": "Indonesia" },
    { "name": "Barnaul", "country": "Russia" },
    { "name": "Rotterdam", "country": "Netherlands" },
    { "name": "Luqiao", "country": "China" },
    { "name": "Mexicali", "country": "Mexico" },
    { "name": "Hermosillo", "country": "Mexico" },
    { "name": "Milwaukee", "country": "United States" },
    { "name": "Rasht", "country": "Iran" },
    { "name": "Abeokuta", "country": "Nigeria" },
    { "name": "Essen", "country": "Germany" },
    { "name": "Kayseri", "country": "Turkey" },
    { "name": "Morelia", "country": "Mexico" },
    { "name": "Gold Coast", "country": "Australia" },
    { "name": "Yingkou", "country": "China" },
    { "name": "Abuja", "country": "Nigeria" },
    { "name": "Zhangzhou", "country": "China" },
    { "name": "Stuttgart", "country": "Germany" },
    { "name": "Dortmund", "country": "Germany" },
    { "name": "Vladivostok", "country": "Russia" },
    { "name": "Irkutsk", "country": "Russia" },
    { "name": "Blantyre", "country": "Malawi" },
    { "name": "New Kingston", "country": "Jamaica" },
    { "name": "Portland", "country": "United States" },
    { "name": "Las Vegas", "country": "United States" },
    { "name": "UEskuedar", "country": "Turkey" },
    { "name": "Genoa", "country": "Italy" },
    { "name": "Cuttack", "country": "India" },
    { "name": "Oslo", "country": "Norway" },
    { "name": "Oklahoma City", "country": "United States" },
    { "name": "Hachioji", "country": "Japan" },
    { "name": "Khabarovsk", "country": "Russia" },
    { "name": "Khabarovsk Vtoroy", "country": "Russia" },
    { "name": "Libreville", "country": "Gabon" },
    { "name": "Kerman", "country": "Iran" },
    { "name": "Chiclayo", "country": "Peru" },
    { "name": "Orumiyeh", "country": "Iran" },
    { "name": "Bahcelievler", "country": "Turkey" },
    { "name": "Bengbu", "country": "China" },
    { "name": "Bikaner", "country": "India" },
    { "name": "Umraniye", "country": "Turkey" },
    { "name": "Duesseldorf", "country": "Germany" },
    { "name": "Banjarmasin", "country": "Indonesia" },
    { "name": "Shiyan", "country": "China" },
    { "name": "Bucaramanga", "country": "Colombia" },
    { "name": "South Boston", "country": "United States" },
    { "name": "Kuching", "country": "Malaysia" },
    { "name": "Poznan", "country": "Poland" },
    { "name": "Veracruz", "country": "Mexico" },
    { "name": "Malaga", "country": "Spain" },
    { "name": "Bouake", "country": "Ivory Coast" },
    { "name": "Asmara", "country": "Eritrea" },
    { "name": "Sokoto", "country": "Nigeria" },
    { "name": "Uberlandia", "country": "Brazil" },
    { "name": "Onitsha", "country": "Nigeria" },
    { "name": "Funabashi", "country": "Japan" },
    { "name": "Hamhung", "country": "North Korea" },
    { "name": "Sorocaba", "country": "Brazil" },
    { "name": "Helsinki", "country": "Finland" },
    { "name": "Warangal", "country": "India" },
    { "name": "Santiago de Cuba", "country": "Cuba" },
    { "name": "Siping", "country": "China" },
    { "name": "Kagoshima-shi", "country": "Japan" },
    { "name": "Surakarta", "country": "Indonesia" },
    { "name": "Huai'an", "country": "China" },
    { "name": "Bhavnagar", "country": "India" },
    { "name": "Mar del Plata", "country": "Argentina" },
    { "name": "Bahawalpur", "country": "Pakistan" },
    { "name": "Zahedan", "country": "Iran" },
    { "name": "Aden", "country": "Yemen" },
    { "name": "Nanded", "country": "India" },
    { "name": "Orenburg", "country": "Russia" },
    { "name": "Changwon", "country": "South Korea" },
    { "name": "Pristina", "country": "Kosovo" },
    { "name": "Jiamusi", "country": "China" },
    { "name": "Antipolo", "country": "Philippines" },
    { "name": "Neijiang", "country": "China" },
    { "name": "Bremen", "country": "Germany" },
    { "name": "Albuquerque", "country": "United States" },
    { "name": "Meknes", "country": "Morocco" },
    { "name": "Sharjah", "country": "United Arab Emirates" },
    { "name": "Banqiao", "country": "Taiwan" },
    { "name": "Sargodha", "country": "Pakistan" },
    { "name": "Bangui", "country": "Central African Republic" },
    { "name": "Vilnius", "country": "Lithuania" },
    { "name": "Cancun", "country": "Mexico" },
    { "name": "Yangzhou", "country": "China" },
    { "name": "Novokuznetsk", "country": "Russia" },
    { "name": "Kisangani", "country": "Democratic Republic of the Congo" },
    { "name": "Port Said", "country": "Egypt" },
    { "name": "Mercin", "country": "Turkey" },
    { "name": "Warri", "country": "Nigeria" },
    { "name": "Guli", "country": "China" },
    { "name": "Ebute Ikorodu", "country": "Nigeria" },
    { "name": "Tanggu", "country": "China" },
    { "name": "Jiangmen", "country": "China" },
    { "name": "Nashville", "country": "United States" },
    { "name": "Ta'if", "country": "Saudi Arabia" },
    { "name": "Beira", "country": "Mozambique" },
    { "name": "Guntur", "country": "India" },
    { "name": "Touba", "country": "Senegal" },
    { "name": "Quebec", "country": "Canada" },
    { "name": "Hamadan", "country": "Iran" },
    { "name": "Cangzhou", "country": "China" },
    { "name": "San Salvador", "country": "El Salvador" },
    { "name": "Santa Maria Chimalhuacan", "country": "Mexico" },
    { "name": "Torreon", "country": "Mexico" },
    { "name": "Dehradun", "country": "India" },
    { "name": "Cuiaba", "country": "Brazil" },
    { "name": "Cuauhtemoc", "country": "Mexico" },
    { "name": "Ciudad Lopez Mateos", "country": "Mexico" },
    { "name": "Petaling Jaya", "country": "Malaysia" },
    { "name": "Macau", "country": "Macau" },
    { "name": "Bhayandar", "country": "India" },
    { "name": "Esenler", "country": "Turkey" },
    { "name": "Ryazan'", "country": "Russia" },
    { "name": "Tucson", "country": "United States" },
    { "name": "Hamilton", "country": "Canada" },
    { "name": "Tyumen", "country": "Russia" },
    { "name": "Durgapur", "country": "India" },
    { "name": "Quilmes", "country": "Argentina" },
    { "name": "Ajmer", "country": "India" },
    { "name": "Lisbon", "country": "Portugal" },
    { "name": "Changde", "country": "China" },
    { "name": "Jiaozuo", "country": "China" },
    { "name": "Ulhasnagar", "country": "India" },
    { "name": "Kolhapur", "country": "India" },
    { "name": "Lipetsk", "country": "Russia" },
    { "name": "Shiliguri", "country": "India" },
    { "name": "Hannover", "country": "Germany" },
    { "name": "Eskisehir", "country": "Turkey" },
    { "name": "Azadshahr", "country": "Iran" },
    { "name": "Salta", "country": "Argentina" },
    { "name": "Penza", "country": "Russia" },
    { "name": "Tembisa", "country": "South Africa" },
    { "name": "Bhilai", "country": "India" },
    { "name": "Mykolayiv", "country": "Ukraine" },
    { "name": "Aparecida de Goiania", "country": "Brazil" },
    { "name": "Puente Alto", "country": "Chile" },
    { "name": "Makati City", "country": "Philippines" },
    { "name": "Naberezhnyye Chelny", "country": "Russia" },
    { "name": "Wuhu", "country": "China" },
    { "name": "Toluca", "country": "Mexico" },
    { "name": "Niigata-shi", "country": "Japan" },
    { "name": "Karol Bagh", "country": "India" },
    { "name": "Leipzig", "country": "Germany" },
    { "name": "Kalininskiy", "country": "Russia" },
    { "name": "Duisburg", "country": "Germany" },
    { "name": "Asansol", "country": "India" },
    { "name": "Goeteborg", "country": "Sweden" },
    { "name": "Arak", "country": "Iran" },
    { "name": "Astrakhan'", "country": "Russia" },
    { "name": "Zhuhai", "country": "China" },
    { "name": "Pohang", "country": "South Korea" },
    { "name": "Nuernberg", "country": "Germany" },
    { "name": "Shashi", "country": "China" },
    { "name": "Reynosa", "country": "Mexico" },
    { "name": "Makhachkala", "country": "Russia" },
    { "name": "Fresno", "country": "United States" },
    { "name": "Cimahi", "country": "Indonesia" },
    { "name": "Tlaquepaque", "country": "Mexico" },
    { "name": "Wuwei", "country": "China" },
    { "name": "Jamnagar", "country": "India" },
    { "name": "Aracaju", "country": "Brazil" },
    { "name": "Port Sudan", "country": "Sudan" },
    { "name": "Santa Fe de la Vera Cruz", "country": "Argentina" },
    { "name": "San Pedro Sula", "country": "Honduras" },
    { "name": "Suez", "country": "Egypt" },
    { "name": "Dresden", "country": "Germany" },
    { "name": "Tomsk", "country": "Russia" },
    { "name": "Masina", "country": "Democratic Republic of the Congo" },
    { "name": "Saharanpur", "country": "India" },
    { "name": "Gulbarga", "country": "India" },
    { "name": "Bhatpara", "country": "India" },
    { "name": "An Najaf", "country": "Iraq" },
    { "name": "Feira de Santana", "country": "Brazil" },
    { "name": "Shah Alam", "country": "Malaysia" },
    { "name": "Mariupol", "country": "Ukraine" },
    { "name": "Himeji", "country": "Japan" },
    { "name": "Tuxtla Gutierrez", "country": "Mexico" },
    { "name": "Gomel", "country": "Belarus" },
    { "name": "Okene", "country": "Nigeria" },
    { "name": "Uijeongbu-si", "country": "South Korea" },
    { "name": "East London", "country": "South Africa" },
    { "name": "Yazd", "country": "Iran" },
    { "name": "Hargeysa", "country": "Somaliland" },
    { "name": "Sialkot", "country": "Pakistan" },
    { "name": "Kemerovo", "country": "Russia" },
    { "name": "Yichang", "country": "China" },
    { "name": "Hwaseong-si", "country": "South Korea" },
    { "name": "Cuautitlan Izcalli", "country": "Mexico" },
    { "name": "Yinchuan", "country": "China" },
    { "name": "Skopje", "country": "North Macedonia" },
    { "name": "Vereeniging", "country": "South Africa" },
    { "name": "The Hague", "country": "Netherlands" },
    { "name": "Mixco", "country": "Guatemala" },
    { "name": "Lyon", "country": "France" },
    { "name": "Londrina", "country": "Brazil" },
    { "name": "Jiaojiang", "country": "China" },
    { "name": "Matsudo", "country": "Japan" },
    { "name": "Juiz de Fora", "country": "Brazil" },
    { "name": "Liverpool", "country": "United Kingdom" },
    { "name": "Nishinomiya-hama", "country": "Japan" },
    { "name": "Tula", "country": "Russia" },
    { "name": "Staten Island", "country": "United States" },
    { "name": "Kawaguchi", "country": "Japan" },
    { "name": "Sacramento", "country": "United States" },
    { "name": "Zunyi", "country": "China" },
    { "name": "Jiaxing", "country": "China" },
    { "name": "Belford Roxo", "country": "Brazil" },
    { "name": "Jammu", "country": "India" },
    { "name": "Liaoyuan", "country": "China" },
    { "name": "Kananga", "country": "Democratic Republic of the Congo" },
    { "name": "Bloemfontein", "country": "South Africa" },
    { "name": "Xiangyang", "country": "China" },
    { "name": "Long Beach", "country": "United States" },
    { "name": "Gdansk", "country": "Poland" },
    { "name": "Calabar", "country": "Nigeria" },
    { "name": "Dadukou", "country": "China" },
    { "name": "Joinville", "country": "Brazil" },
    { "name": "Hamah", "country": "Syria" },
    { "name": "Antwerpen", "country": "Belgium" },
    { "name": "Kansas City", "country": "United States" },
    { "name": "Kanazawa-shi", "country": "Japan" },
    { "name": "Karabaglar", "country": "Turkey" },
    { "name": "Zamboanga", "country": "Philippines" },
    { "name": "Kirov", "country": "Russia" },
    { "name": "Ujjain", "country": "India" },
    { "name": "Kota Kinabalu", "country": "Malaysia" },
    { "name": "Victoria de Durango", "country": "Mexico" },
    { "name": "Niteroi", "country": "Brazil" },
    { "name": "Hengshui", "country": "China" },
    { "name": "Tabuk", "country": "Saudi Arabia" },
    { "name": "Pontianak", "country": "Indonesia" },
    { "name": "Leeds", "country": "United Kingdom" },
    { "name": "Namp'o", "country": "North Korea" },
    { "name": "Bacolod City", "country": "Philippines" },
    { "name": "Sao Joao de Meriti", "country": "Brazil" },
    { "name": "Mansilingan", "country": "Philippines" },
    { "name": "Ramgundam", "country": "India" },
    { "name": "Luhansk", "country": "Ukraine" },
    { "name": "Manado", "country": "Indonesia" },
    { "name": "Karagandy", "country": "Kazakhstan" },
    { "name": "Jining", "country": "China" },
    { "name": "Constantine", "country": "Algeria" },
    { "name": "Wenshan City", "country": "China" },
    { "name": "Utsunomiya-shi", "country": "Japan" },
    { "name": "Heroica Matamoros", "country": "Mexico" },
    { "name": "Sanliurfa", "country": "Turkey" },
    { "name": "Chengde", "country": "China" },
    { "name": "Xuchang", "country": "China" },
    { "name": "Oita", "country": "Japan" },
    { "name": "Venustiano Carranza", "country": "Mexico" },
    { "name": "San Juan", "country": "Argentina" },
    { "name": "Sheffield", "country": "United Kingdom" },
    { "name": "Cheboksary", "country": "Russia" },
    { "name": "Boksburg", "country": "South Africa" },
    { "name": "Cagayan de Oro", "country": "Philippines" },
    { "name": "Matsuyama", "country": "Japan" },
    { "name": "San Nicolas de los Garza", "country": "Mexico" },
    { "name": "Amagasaki", "country": "Japan" },
    { "name": "Carrefour", "country": "Haiti" },
    { "name": "Shyamnagar", "country": "India" },
    { "name": "Dasmarinas", "country": "Philippines" },
    { "name": "Malatya", "country": "Turkey" },
    { "name": "Nangi", "country": "India" },
    { "name": "Pereira", "country": "Colombia" },
    { "name": "Kozhikode", "country": "India" },
    { "name": "Mesa", "country": "United States" },
    { "name": "Mawlamyine", "country": "Myanmar" },
    { "name": "Iquitos", "country": "Peru" },
    { "name": "Kurashiki", "country": "Japan" },
    { "name": "Sultangazi", "country": "Turkey" },
    { "name": "Garoua", "country": "Cameroon" },
    { "name": "Murcia", "country": "Spain" },
    { "name": "Mwanza", "country": "Tanzania" },
    { "name": "Uyo", "country": "Nigeria" },
    { "name": "Bei'an", "country": "China" },
    { "name": "Tirunelveli", "country": "India" },
    { "name": "Kousseri", "country": "Cameroon" },
    { "name": "Malegaon", "country": "India" },
    { "name": "Kaliningrad", "country": "Russia" },
    { "name": "Karbala", "country": "Iraq" },
    { "name": "Ananindeua", "country": "Brazil" },
    { "name": "Balikpapan", "country": "Indonesia" },
    { "name": "Brampton", "country": "Canada" },
    { "name": "Toulouse", "country": "France" },
    { "name": "Namangan", "country": "Uzbekistan" },
    { "name": "Katsina", "country": "Nigeria" },
    { "name": "Welkom", "country": "South Africa" },
    { "name": "Santa Marta", "country": "Colombia" },
    { "name": "Al Mahallah al Kubra", "country": "Egypt" },
    { "name": "Bristol", "country": "United Kingdom" },
    { "name": "Jalgaon", "country": "India" },
    { "name": "Yokosuka", "country": "Japan" },
    { "name": "Akola", "country": "India" },
    { "name": "Belgaum", "country": "India" },
    { "name": "East Jerusalem", "country": "Palestine" },
    { "name": "Luqiao", "country": "China" },
    { "name": "Bryansk", "country": "Russia" },
    { "name": "Maltepe", "country": "Turkey" },
    { "name": "Azcapotzalco", "country": "Mexico" },
    { "name": "Xalapa de Enriquez", "country": "Mexico" },
    { "name": "Barcelona", "country": "Venezuela" },
    { "name": "Chaozhou", "country": "China" },
    { "name": "Ado-Ekiti", "country": "Nigeria" },
    { "name": "Bratislava", "country": "Slovakia" },
    { "name": "Gaya", "country": "India" },
    { "name": "Udaipur", "country": "India" },
    { "name": "Likasi", "country": "Democratic Republic of the Congo" },
    { "name": "Luxor", "country": "Egypt" },
    { "name": "Ibague", "country": "Colombia" },
    { "name": "Shaoxing", "country": "China" },
    { "name": "Ivanovo", "country": "Russia" },
    { "name": "Erzurum", "country": "Turkey" },
    { "name": "Akure", "country": "Nigeria" },
    { "name": "Asyut", "country": "Egypt" },
    { "name": "Jambi City", "country": "Indonesia" },
    { "name": "Al Mansurah", "country": "Egypt" },
    { "name": "Atlanta", "country": "United States" },
    { "name": "Korba", "country": "India" },
    { "name": "Bokaro", "country": "India" },
    { "name": "San Juan", "country": "Puerto Rico" },
    { "name": "Kolwezi", "country": "Democratic Republic of the Congo" },
    { "name": "Auckland", "country": "New Zealand" },
    { "name": "Sukkur", "country": "Pakistan" },
    { "name": "Mangalore", "country": "India" },
    { "name": "Luohe", "country": "China" },
    { "name": "Colorado Springs", "country": "United States" },
    { "name": "Shymkent", "country": "Kazakhstan" },
    { "name": "Yangquan", "country": "China" },
    { "name": "Magnitogorsk", "country": "Russia" },
    { "name": "Jhansi", "country": "India" },
    { "name": "Florianopolis", "country": "Brazil" },
    { "name": "Wandsbek", "country": "Germany" },
    { "name": "Santos", "country": "Brazil" },
    { "name": "Maturin", "country": "Venezuela" },
    { "name": "Ardabil", "country": "Iran" },
    { "name": "Nagasaki-shi", "country": "Japan" },
    { "name": "Chaoyang", "country": "China" },
    { "name": "Gaza", "country": "Palestine" },
    { "name": "Kursk", "country": "Russia" },
    { "name": "Omaha", "country": "United States" },
    { "name": "Al Ain", "country": "United Arab Emirates" },
    { "name": "Jeju-si", "country": "South Korea" },
    { "name": "Panama", "country": "Panama" },
    { "name": "Shiyan", "country": "China" },
    { "name": "Szczecin", "country": "Poland" },
    { "name": "Bien Hoa", "country": "Vietnam" },
    { "name": "Villa Nueva", "country": "Guatemala" },
    { "name": "Ribeirao das Neves", "country": "Brazil" },
    { "name": "Hirakata", "country": "Japan" },
    { "name": "Denpasar", "country": "Indonesia" },
    { "name": "Oujda", "country": "Morocco" },
    { "name": "Tanda", "country": "Egypt" },
    { "name": "Newcastle", "country": "South Africa" },
    { "name": "Xochimilco", "country": "Mexico" },
    { "name": "Nellore", "country": "India" },
    { "name": "Hsinchu", "country": "Taiwan" },
    { "name": "Raleigh", "country": "United States" },
    { "name": "Jixi", "country": "China" },
    { "name": "Zanzibar", "country": "Tanzania" },
    { "name": "Taoyuan City", "country": "Taiwan" },
    { "name": "Tonala", "country": "Mexico" },
    { "name": "Kassala", "country": "Sudan" },
    { "name": "Palma", "country": "Spain" },
    { "name": "Kitwe", "country": "Zambia"},
    { "name": "Valencia", "country": "Spain"},
    { "name": "Bilbao", "country": "Spain"},
    { "name": "Toledo", "country": "Spain"},
    { "name": "Cdiz", "country": "Spain"},
    { "name": "Jan", "country": "Spain"},
    { "name": "Almera", "country": "Spain"},
    { "name": "Granada", "country": "Spain"},
    { "name": "Alicante", "country": "Spain"},
    { "name": "Vigo", "country": "Spain"},
    { "name": "Santiago de Compostela", "country": "Spain"},
    { "name": "Tarragona", "country": "Spain"},
    { "name": "Girona", "country": "Spain"},
    { "name": "Pamplona", "country": "Spain"},
    { "name": "Ceuta", "country": "Spain"},
    { "name": "Melilla", "country": "Spain"},
    { "name": "Zamora", "country": "Spain"},
    { "name": "Logroo", "country": "Spain"},
    { "name": "Soria", "country": "Spain"},
    { "name": "Valladolid", "country": "Spain"},
    { "name": "Palencia", "country": "Spain"},
    { "name": "Salamanca", "country": "Spain"},
    { "name": "Lugo", "country": "Spain"},
    { "name": "Huesca", "country": "Spain"},
    { "name": "Mallorca", "country": "Spain"},
    { "name": "Santa Cruz de Tenerife", "country": "Spain"},
    { "name": "La Laguna", "country": "Spain"},
    { "name": "Las Palmas de Gran Canaria", "country": "Spain"},
    { "name": "Ciudad Real", "country": "Spain"},
    { "name": "Murcia", "country": "Spain"},
    { "name": "Badajoz", "country": "Spain"},
    { "name": "Oviedo", "country": "Spain"},
    { "name": "Santander", "country": "Spain"},
    { "name": "Huelva", "country": "Spain"},
    { "name": "Crdoba (Esp)", "country": "Spain"},
    { "name": "Albacete", "country": "Spain"},
    { "name": "Menorca", "country": "Spain"},
    { "name": "Ibiza", "country": "Spain"}
]